{
  "feature_names": [
    "area_sqm_log",
    "survey_points",
    "distance_km",
    "shape_index",
    "quoted_price_log",
    "map_type_rz"
  ],
  "feature_labels": {
    "area_sqm_log": "שטח החלקה",
    "survey_points": "נקודות מדידה",
    "distance_km": "מרחק מהמשרד",
    "shape_index": "מורכבות צורה",
    "quoted_price_log": "מחיר ההצעה",
    "map_type_rz": "סוג מדידה (RZ)"
  },
  "coef": [
    1.131768995944003,
    -1.1401985948588245,
    0.4847057243875593,
    0.054408142193578306,
    -2.9313578417489357,
    0.0
  ],
  "clf_intercept": 3.2910390061523116,
  "importance": [
    0.00454697557915214,
    0.9525201224660553,
    0.038315155584396965,
    0.00011538654223830277,
    0.004502359828153793,
    0.0
  ],
  "coef_direction": [
    1,
    -1,
    1,
    1,
    -1,
    -1
  ],
  "margin_threshold": 20.0,
  "borderline_lo": 10.0,
  "n_train": 289,
  "class_balance": {
    "profitable": 272,
    "not_profitable": 17
  },
  "cv_accuracy_mean": 0.9607142857142857,
  "cv_accuracy_std": 0.033692789757345,
  "reg_coef": [
    10.819300275536818,
    1.2376315594429501,
    6.717876459252692,
    -2.982181637467025,
    -5.70325114253523,
    0.0
  ],
  "reg_intercept": 32.88117647058817,
  "scaler_mean": [
    6.873295353443634,
    204.33910034602076,
    21.15521799307958,
    1.5965048442906575,
    8.485441607577272,
    1.0
  ],
  "scaler_scale": [
    1.237543650297863,
    257.3293687904613,
    24.349393134779856,
    0.6532613428956755,
    0.47311537341417853,
    1.0
  ]
}