{
  "feature_names": [
    "area_sqm_log",
    "survey_points",
    "distance_km",
    "shape_index",
    "quoted_price_log",
    "map_type_rz"
  ],
  "feature_labels": {
    "area_sqm_log": "שטח החלקה",
    "survey_points": "נקודות מדידה",
    "distance_km": "מרחק מהמשרד",
    "shape_index": "מורכבות צורה",
    "quoted_price_log": "מחיר ההצעה",
    "map_type_rz": "סוג מדידה (RZ)"
  },
  "coef": [
    1.4082971973697471,
    -1.8606432395336188,
    0.708166332774743,
    0.18917812500283243,
    -2.316383876801459,
    -0.29574760937375305
  ],
  "clf_intercept": 2.4555443663468504,
  "importance": [
    0.0035386793550714482,
    0.960783504997026,
    0.0329107979632381,
    0.000204834373311607,
    0.002522601463279204,
    3.958184807143011e-05
  ],
  "coef_direction": [
    1,
    -1,
    1,
    1,
    -1,
    -1
  ],
  "margin_threshold": 20.0,
  "borderline_lo": 10.0,
  "n_train": 235,
  "class_balance": {
    "profitable": 223,
    "not_profitable": 12
  },
  "cv_accuracy_mean": 0.9173913043478261,
  "cv_accuracy_std": 0.03611575592573077,
  "reg_coef": [
    -8.26918385818957,
    -16.981115131797512,
    4.695398797103443,
    -2.7429549240905153,
    -0.563048719631401,
    0.698926727913934
  ],
  "reg_intercept": 66.68893617021278,
  "scaler_mean": [
    6.7654262735307436,
    190.89787234042552,
    21.745255319148928,
    1.5591365957446808,
    8.388836180753088,
    0.9957446808510638
  ],
  "scaler_scale": [
    1.222115181456133,
    251.1468126113385,
    22.603119348715097,
    0.5266197741165239,
    0.5296675315700765,
    0.06509386613097139
  ]
}